rsid,chrom,pos,effect_allele,other_allele,p_value,beta,axis_gene,axis_arm,genome_base,lfc,abs_lfc,jsd,neglog10p,priority
rs3800342,chr6,41191794,C,G,9.316e-12,0.059,TREM2,accelerator,C,0.14674798046701046,0.14674798046701046,0.0014032305,11.030770520137358,0.9438111663098557
rs565334527,chr19,44925417,T,C,3.194e-15,-1.0764,APOE,accelerator,T,0.030930047861770955,0.030930047861770955,0.0009843786,14.495665088197535,0.9248047721264177
rs12721109,chr19,44943964,A,G,5.194000000000001e-26,-0.3701,APOE,accelerator,G,-0.16425581432484437,0.16425581432484437,0.0009812156,25.284498054706717,0.9278384932400084
rs4714431,chr6,41200599,A,C,5.572e-05,-0.0336,TREM2,accelerator,A,0.19288611017927784,0.19288611017927784,0.0008092101,4.253988892248074,0.9026987758569498
rs576269767,chr19,45001969,T,C,9.92e-08,-0.4719,APOE,accelerator,C,0.016691260231537303,0.016691260231537303,0.0006961058,7.0034883278458215,0.890895871127584
rs9357348,chr6,41186494,A,G,9.617e-07,0.0418,TREM2,accelerator,A,0.05550774453127321,0.05550774453127321,0.0006898531,6.016960383953898,0.889475701108505
rs140526515,chr19,44924283,A,G,7.270000000000001e-21,-0.8441,APOE,accelerator,A,-0.4189249720000776,0.4189249720000776,0.00063519494,20.138465589140964,0.8840249829171172
rs540337613,chr19,35899768,A,G,4.881e-05,0.6646,TYROBP,accelerator,G,-0.20785616804098017,0.20785616804098017,0.00057416584,4.311491192343479,0.8625011720065178
rs72654437,chr19,44912842,A,G,3.975e-10,-0.1654,APOE,accelerator,G,0.05544032733213499,0.05544032733213499,0.0005040268,9.400662867007512,0.8459308644009768
rs9357347,chr6,41182853,A,C,1.606e-10,0.0569,TREM2,accelerator,A,0.051268716152806704,0.051268716152806704,0.0004977579,9.794254459057338,0.8429400280713318
rs5157,chr19,44943904,T,C,3.561e-14,-0.0673,APOE,accelerator,T,-0.12004182651043008,0.12004182651043008,0.00045488006,13.448428026325747,0.8295901635268731
rs41289514,chr19,44856410,A,G,6.375e-75,-0.6953,APOE,accelerator,A,-0.08184035217017957,0.08184035217017957,0.00044233468,74.19551981089401,0.829311811978901
