gene,arm,dataset,n_shared,PP4,PP3,lead_rsid,eqtl_beta,gwas_beta,MR_beta,eqtl_p,gwas_p,gwas_minp,gwas_neglog10
LPCAT2,protective,BrainSeq_DLPFC,36,9.832727394184764e-05,4.105491706455859e-06,rs112396331,0.711615,-0.0252,-0.0354124069897346,0.000442057,0.5613,0.0248,1.6055483191737838
MICOS10,protective,CommonMind_DLPFC,459,0.0008046413642939,0.0002921373666375,rs146778899,0.375581,-0.0262,-0.0697585873619805,0.00255674,0.8373,0.000602,3.2204035087421756
P2RY12,protective,macrophage_IFNg,255,0.0021113808563953,0.001066022402461,rs6787801,-0.737611,0.0007,-0.0009490097083693,4.74001e-09,0.9326,0.000247,3.607303046740334
GPNMB,accelerator,CommonMind_DLPFC,369,0.0031545025165555,0.0047173082858525,rs6461703,-0.873364,-0.0074,0.0084729849180868,2.46964e-78,0.3692,0.000194,3.712198270069774
ATP8B4,protective,CommonMind_DLPFC,449,0.0035632444733465,0.0092500561990268,rs11070752,-0.263008,-0.003,0.0114064971407713,8.34377e-11,0.7186,0.000494,3.306273051076353
SPP1,accelerator,macrophage_IFNg,406,0.006151296249917,0.0110990592559083,rs6532032,-0.814368,0.015,-0.0184191913238241,5.21179e-07,0.07125,0.000571,3.243363891754152
MKNK1,protective,BrainSeq_DLPFC,336,0.0094350937557686,0.0086576318756835,rs12048342,0.307832,-0.0167,-0.0542503703318693,1.5585e-08,0.07439,0.00152,2.8181564120552274
