contrast,n_acc,n_brk,acc_med,brk_med,imbalance,p
A-T- vs A+T- (amyloid onset),16,6,0.0018146945811285454,-0.010360966385995596,0.01217566096712414,0.2247061504027448
A+T- vs A+T+ (tau emergence),16,6,0.010434633380712419,-0.006365447246086731,0.01680008062679915,0.11539544047283985
