contrast,n_acc,n_brk,acc_med,brk_med,imbalance,p
A-T- vs A+T- (amyloid onset),16,6,0.0012573035001762773,-0.003141760617508241,0.004399064117684519,0.3465615911436345
A+T- vs A+T+ (tau emergence),16,6,0.00490306082303492,-0.00501159323303711,0.009914654056072031,0.06675780359990886
