label,cell_type,module,d,lo,hi
Astrocyte accel — CTE,Astrocyte,accel,0.8052987163990152,0.04526452950378354,1.7643576018203193
Astrocyte accel — RHI,Astrocyte,accel,0.5844190264046538,-0.4761743562161324,1.4154394222458173
Astrocyte brake — CTE,Astrocyte,brake,0.7667134200519883,0.3156154619789793,1.4634403508058134
Astrocyte brake — RHI,Astrocyte,brake,0.623510964320314,-0.4157628808585288,1.515672905064019
Microglia accel — CTE,Microglia,accel,-0.023080719708878827,-1.2778210391117093,0.7512402749707864
Microglia accel — RHI,Microglia,accel,-0.08241992147172379,-1.5860025783171543,0.7438959534812231
Microglia brake — CTE,Microglia,brake,0.0571861818879753,-1.3796123775679254,0.7199839082002956
Microglia brake — RHI,Microglia,brake,0.5152475119803386,-0.5101582286363912,1.4055430100735704
