{"nfkb_mean": -0.028641087009060755, "nfkb_frac": 0.5967741935483871, "mef2_mean": -0.005971287284885443, "mef2_frac": 0.46396396396396394, "cebpb_acc": -0.06390771096752536, "cebpb_prot": -0.04100777866604091, "spi1_acc": -0.22193719263999692, "spi1_prot": -0.24454641127371574, "spi1_dose_rho": -0.2773640564794495, "spi1_dose_p": 8.751018174776214e-15}